web-scraper-order,web-scraper-start-url,agencytypes,agencytypes-href,agencies,page
"1660156853-7","https://www.watereducation.org/water-related-organizationsagencies","Western States Water Agencies and Districts","https://www.watereducation.org/western-states-water-agencies-and-districts","New Mexico",""
"1660156861-54","https://www.watereducation.org/water-related-organizationsagencies","State and Federal Legislative Committees","https://www.watereducation.org/state-and-federal-legislative-committees","U.S. House Committee on Energy and Commerce",""
"1660156863-75","https://www.watereducation.org/water-related-organizationsagencies","Other California Organizations","https://www.watereducation.org/other-california-organizations-involved-water-issues","Regional Council of Rural Counties",""
"1660156878-143","https://www.watereducation.org/water-related-organizationsagencies","Federal Agencies","https://www.watereducation.org/federal-agencies-involved-water-issues","U.S. Bureau of Land Management",""
"1660156878-139","https://www.watereducation.org/water-related-organizationsagencies","Federal Agencies","https://www.watereducation.org/federal-agencies-involved-water-issues","Federal Emergency Management Agency",""
"1660156858-34","https://www.watereducation.org/water-related-organizationsagencies","Water Associations and Groups","https://www.watereducation.org/water-associations-and-groups","Mountain Counties Water Resources Association","https://www.watereducation.org/water-associations-and-groups?page=1"
"1660156855-23","https://www.watereducation.org/water-related-organizationsagencies","Water Associations and Groups","https://www.watereducation.org/water-associations-and-groups","California Municipal Utilities Association",""
"1660156875-137","https://www.watereducation.org/water-related-organizationsagencies","State Agencies in California","https://www.watereducation.org/state-agencies-california-involved-water-issues","State Lands Commission","https://www.watereducation.org/state-agencies-california-involved-water-issues?page=1"
"1660156870-101","https://www.watereducation.org/water-related-organizationsagencies","Environmental Organizations","https://www.watereducation.org/california-environmental-organizations-involved-water-issues","Sierra Club","https://www.watereducation.org/california-environmental-organizations-involved-water-issues?page=1"
"1660156861-58","https://www.watereducation.org/water-related-organizationsagencies","State and Federal Legislative Committees","https://www.watereducation.org/state-and-federal-legislative-committees","U.S. House Subcommittee on Water & Power",""
"1660156853-10","https://www.watereducation.org/water-related-organizationsagencies","Western States Water Agencies and Districts","https://www.watereducation.org/western-states-water-agencies-and-districts","Utah",""
"1660156861-55","https://www.watereducation.org/water-related-organizationsagencies","State and Federal Legislative Committees","https://www.watereducation.org/state-and-federal-legislative-committees","U.S. House Committee on Natural Resources",""
"1660156863-72","https://www.watereducation.org/water-related-organizationsagencies","Other California Organizations","https://www.watereducation.org/other-california-organizations-involved-water-issues","National Environmental Services Center",""
"1660156866-83","https://www.watereducation.org/water-related-organizationsagencies","Environmental Organizations","https://www.watereducation.org/california-environmental-organizations-involved-water-issues","Community Water Center",""
"1660156872-116","https://www.watereducation.org/water-related-organizationsagencies","State Agencies in California","https://www.watereducation.org/state-agencies-california-involved-water-issues","California Geologic Energy Management Division",""
"1660156872-120","https://www.watereducation.org/water-related-organizationsagencies","State Agencies in California","https://www.watereducation.org/state-agencies-california-involved-water-issues","California Environmental Protection Agency",""
"1660156863-70","https://www.watereducation.org/water-related-organizationsagencies","Other California Organizations","https://www.watereducation.org/other-california-organizations-involved-water-issues","League of California Cities",""
"1660156861-62","https://www.watereducation.org/water-related-organizationsagencies","State and Federal Legislative Committees","https://www.watereducation.org/state-and-federal-legislative-committees","U.S. Senate Subcommittee on Water & Power",""
"1660156858-45","https://www.watereducation.org/water-related-organizationsagencies","Water Associations and Groups","https://www.watereducation.org/water-associations-and-groups","Southern California Stormwater Monitoring Coalition","https://www.watereducation.org/water-associations-and-groups?page=1"
"1660156872-126","https://www.watereducation.org/water-related-organizationsagencies","State Agencies in California","https://www.watereducation.org/state-agencies-california-involved-water-issues","Central Valley Flood Protection Board",""
"1660156870-103","https://www.watereducation.org/water-related-organizationsagencies","Environmental Organizations","https://www.watereducation.org/california-environmental-organizations-involved-water-issues","Sierra Watch","https://www.watereducation.org/california-environmental-organizations-involved-water-issues?page=1"
"1660156866-79","https://www.watereducation.org/water-related-organizationsagencies","Environmental Organizations","https://www.watereducation.org/california-environmental-organizations-involved-water-issues","Bay Institute of San Francisco",""
"1660156872-132","https://www.watereducation.org/water-related-organizationsagencies","State Agencies in California","https://www.watereducation.org/state-agencies-california-involved-water-issues","Delta Stewardship Council",""
"1660156870-98","https://www.watereducation.org/water-related-organizationsagencies","Environmental Organizations","https://www.watereducation.org/california-environmental-organizations-involved-water-issues","San Francisco Bay Joint Venture","https://www.watereducation.org/california-environmental-organizations-involved-water-issues?page=1"
"1660156858-38","https://www.watereducation.org/water-related-organizationsagencies","Water Associations and Groups","https://www.watereducation.org/water-associations-and-groups","Pacific Water Quality Association","https://www.watereducation.org/water-associations-and-groups?page=1"
"1660156872-130","https://www.watereducation.org/water-related-organizationsagencies","State Agencies in California","https://www.watereducation.org/state-agencies-california-involved-water-issues","Delta Conservancy",""
"1660156858-47","https://www.watereducation.org/water-related-organizationsagencies","Water Associations and Groups","https://www.watereducation.org/water-associations-and-groups","State Water Contractors","https://www.watereducation.org/water-associations-and-groups?page=1"
"1660156858-33","https://www.watereducation.org/water-related-organizationsagencies","Water Associations and Groups","https://www.watereducation.org/water-associations-and-groups","Groundwater Resources Association of California","https://www.watereducation.org/water-associations-and-groups?page=1"
"1660156855-29","https://www.watereducation.org/water-related-organizationsagencies","Water Associations and Groups","https://www.watereducation.org/water-associations-and-groups","California Water Environment Association",""
"1660156866-95","https://www.watereducation.org/water-related-organizationsagencies","Environmental Organizations","https://www.watereducation.org/california-environmental-organizations-involved-water-issues","Sacramento River Conservation Area Forum",""
"1660156870-112","https://www.watereducation.org/water-related-organizationsagencies","Environmental Organizations","https://www.watereducation.org/california-environmental-organizations-involved-water-issues","Water Resource Center Archives","https://www.watereducation.org/california-environmental-organizations-involved-water-issues?page=1"
"1660156878-141","https://www.watereducation.org/water-related-organizationsagencies","Federal Agencies","https://www.watereducation.org/federal-agencies-involved-water-issues","San Francisco Bay Water Quality Improvement Fund",""
"1660156863-71","https://www.watereducation.org/water-related-organizationsagencies","Other California Organizations","https://www.watereducation.org/other-california-organizations-involved-water-issues","League of Women Voters of California",""
"1660156878-146","https://www.watereducation.org/water-related-organizationsagencies","Federal Agencies","https://www.watereducation.org/federal-agencies-involved-water-issues","U.S. Forest Service",""
"1660156872-119","https://www.watereducation.org/water-related-organizationsagencies","State Agencies in California","https://www.watereducation.org/state-agencies-california-involved-water-issues","California Energy Commission",""
"1660156870-109","https://www.watereducation.org/water-related-organizationsagencies","Environmental Organizations","https://www.watereducation.org/california-environmental-organizations-involved-water-issues","Water Education Foundation","https://www.watereducation.org/california-environmental-organizations-involved-water-issues?page=1"
"1660156872-133","https://www.watereducation.org/water-related-organizationsagencies","State Agencies in California","https://www.watereducation.org/state-agencies-california-involved-water-issues","Regional Water Quality Control Boards in California",""
"1660156866-78","https://www.watereducation.org/water-related-organizationsagencies","Environmental Organizations","https://www.watereducation.org/california-environmental-organizations-involved-water-issues","Baykeeper",""
"1660156853-6","https://www.watereducation.org/water-related-organizationsagencies","Western States Water Agencies and Districts","https://www.watereducation.org/western-states-water-agencies-and-districts","Nevada",""
"1660156855-26","https://www.watereducation.org/water-related-organizationsagencies","Water Associations and Groups","https://www.watereducation.org/water-associations-and-groups","California Urban Water Agencies",""
"1660156866-91","https://www.watereducation.org/water-related-organizationsagencies","Environmental Organizations","https://www.watereducation.org/california-environmental-organizations-involved-water-issues","Natural Heritage Institute",""
"1660156853-4","https://www.watereducation.org/water-related-organizationsagencies","Western States Water Agencies and Districts","https://www.watereducation.org/western-states-water-agencies-and-districts","Montana",""
"1660156870-108","https://www.watereducation.org/water-related-organizationsagencies","Environmental Organizations","https://www.watereducation.org/california-environmental-organizations-involved-water-issues","U.C. Davis Center for Watershed Sciences","https://www.watereducation.org/california-environmental-organizations-involved-water-issues?page=1"
"1660156858-44","https://www.watereducation.org/water-related-organizationsagencies","Water Associations and Groups","https://www.watereducation.org/water-associations-and-groups","Southern California Alliance of Publicly Owned Treatment Works","https://www.watereducation.org/water-associations-and-groups?page=1"
"1660156872-131","https://www.watereducation.org/water-related-organizationsagencies","State Agencies in California","https://www.watereducation.org/state-agencies-california-involved-water-issues","Delta Protection Commission",""
"1660156855-27","https://www.watereducation.org/water-related-organizationsagencies","Water Associations and Groups","https://www.watereducation.org/water-associations-and-groups","California Urban Water Conservation Council (CUWCC)",""
"1660156872-127","https://www.watereducation.org/water-related-organizationsagencies","State Agencies in California","https://www.watereducation.org/state-agencies-california-involved-water-issues","Coastal Commission",""
"1660156870-100","https://www.watereducation.org/water-related-organizationsagencies","Environmental Organizations","https://www.watereducation.org/california-environmental-organizations-involved-water-issues","Save The Bay","https://www.watereducation.org/california-environmental-organizations-involved-water-issues?page=1"
"1660156866-85","https://www.watereducation.org/water-related-organizationsagencies","Environmental Organizations","https://www.watereducation.org/california-environmental-organizations-involved-water-issues","Environmental Defense Fund",""
"1660156870-102","https://www.watereducation.org/water-related-organizationsagencies","Environmental Organizations","https://www.watereducation.org/california-environmental-organizations-involved-water-issues","Sierra Nevada Alliance","https://www.watereducation.org/california-environmental-organizations-involved-water-issues?page=1"
"1660156858-50","https://www.watereducation.org/water-related-organizationsagencies","Water Associations and Groups","https://www.watereducation.org/water-associations-and-groups","Western States Water Council","https://www.watereducation.org/water-associations-and-groups?page=1"
"1660156878-142","https://www.watereducation.org/water-related-organizationsagencies","Federal Agencies","https://www.watereducation.org/federal-agencies-involved-water-issues","U.S. Army Corps of Engineers",""
"1660156863-64","https://www.watereducation.org/water-related-organizationsagencies","Other California Organizations","https://www.watereducation.org/other-california-organizations-involved-water-issues","Bay Planning Coalition",""
"1660156863-69","https://www.watereducation.org/water-related-organizationsagencies","Other California Organizations","https://www.watereducation.org/other-california-organizations-involved-water-issues","Great Valley Center",""
"1660156866-96","https://www.watereducation.org/water-related-organizationsagencies","Environmental Organizations","https://www.watereducation.org/california-environmental-organizations-involved-water-issues","Sacramento River Preservation Trust",""
"1660156858-37","https://www.watereducation.org/water-related-organizationsagencies","Water Associations and Groups","https://www.watereducation.org/water-associations-and-groups","Pacific Coast Federation of Fishermen’s Associations (PCFFA)","https://www.watereducation.org/water-associations-and-groups?page=1"
"1660156861-59","https://www.watereducation.org/water-related-organizationsagencies","State and Federal Legislative Committees","https://www.watereducation.org/state-and-federal-legislative-committees","U.S. House Subcommittee on Water Resources & Environment",""
"1660156870-113","https://www.watereducation.org/water-related-organizationsagencies","Environmental Organizations","https://www.watereducation.org/california-environmental-organizations-involved-water-issues","Water Reuse Association","https://www.watereducation.org/california-environmental-organizations-involved-water-issues?page=1"
"1660156858-43","https://www.watereducation.org/water-related-organizationsagencies","Water Associations and Groups","https://www.watereducation.org/water-associations-and-groups","Santa Ana Watershed Project Authority","https://www.watereducation.org/water-associations-and-groups?page=1"
"1660156872-128","https://www.watereducation.org/water-related-organizationsagencies","State Agencies in California","https://www.watereducation.org/state-agencies-california-involved-water-issues","Coastal Conservancy",""
"1660156855-22","https://www.watereducation.org/water-related-organizationsagencies","Water Associations and Groups","https://www.watereducation.org/water-associations-and-groups","California Landscape Contractors Association",""
"1660156863-73","https://www.watereducation.org/water-related-organizationsagencies","Other California Organizations","https://www.watereducation.org/other-california-organizations-involved-water-issues","Pacific Institute",""
"1660156861-60","https://www.watereducation.org/water-related-organizationsagencies","State and Federal Legislative Committees","https://www.watereducation.org/state-and-federal-legislative-committees","U.S. Senate Committee on Energy and Natural Resources",""
"1660156870-107","https://www.watereducation.org/water-related-organizationsagencies","Environmental Organizations","https://www.watereducation.org/california-environmental-organizations-involved-water-issues","Union of Concerned Scientists","https://www.watereducation.org/california-environmental-organizations-involved-water-issues?page=1"
"1660156861-57","https://www.watereducation.org/water-related-organizationsagencies","State and Federal Legislative Committees","https://www.watereducation.org/state-and-federal-legislative-committees","U.S. House Subcommittee on Environment and the Economy",""
"1660156878-145","https://www.watereducation.org/water-related-organizationsagencies","Federal Agencies","https://www.watereducation.org/federal-agencies-involved-water-issues","U.S. Fish and Wildlife Service",""
"1660156863-77","https://www.watereducation.org/water-related-organizationsagencies","Other California Organizations","https://www.watereducation.org/other-california-organizations-involved-water-issues","University of California – Department of Ag and Natural Resources",""
"1660156863-65","https://www.watereducation.org/water-related-organizationsagencies","Other California Organizations","https://www.watereducation.org/other-california-organizations-involved-water-issues","California Business Roundtable",""
"1660156853-1","https://www.watereducation.org/water-related-organizationsagencies","Western States Water Agencies and Districts","https://www.watereducation.org/western-states-water-agencies-and-districts","Arizona",""
"1660156872-125","https://www.watereducation.org/water-related-organizationsagencies","State Agencies in California","https://www.watereducation.org/state-agencies-california-involved-water-issues","California Wildlife Conservation Board",""
"1660156878-147","https://www.watereducation.org/water-related-organizationsagencies","Federal Agencies","https://www.watereducation.org/federal-agencies-involved-water-issues","U.S. Geological Survey",""
"1660156855-24","https://www.watereducation.org/water-related-organizationsagencies","Water Associations and Groups","https://www.watereducation.org/water-associations-and-groups","California Rural Water Association",""
"1660156870-111","https://www.watereducation.org/water-related-organizationsagencies","Environmental Organizations","https://www.watereducation.org/california-environmental-organizations-involved-water-issues","Water in the West","https://www.watereducation.org/california-environmental-organizations-involved-water-issues?page=1"
"1660156872-118","https://www.watereducation.org/water-related-organizationsagencies","State Agencies in California","https://www.watereducation.org/state-agencies-california-involved-water-issues","California Department of Water Resources",""
"1660156858-41","https://www.watereducation.org/water-related-organizationsagencies","Water Associations and Groups","https://www.watereducation.org/water-associations-and-groups","San Joaquin River Exchange Contractors Water Authority","https://www.watereducation.org/water-associations-and-groups?page=1"
"1660156870-106","https://www.watereducation.org/water-related-organizationsagencies","Environmental Organizations","https://www.watereducation.org/california-environmental-organizations-involved-water-issues","Trust for Public Land","https://www.watereducation.org/california-environmental-organizations-involved-water-issues?page=1"
"1660156855-18","https://www.watereducation.org/water-related-organizationsagencies","Water Associations and Groups","https://www.watereducation.org/water-associations-and-groups","California Association of Sanitation Agencies",""
"1660156872-117","https://www.watereducation.org/water-related-organizationsagencies","State Agencies in California","https://www.watereducation.org/state-agencies-california-involved-water-issues","California Department of Public Health",""
"1660156872-121","https://www.watereducation.org/water-related-organizationsagencies","State Agencies in California","https://www.watereducation.org/state-agencies-california-involved-water-issues","California Natural Resources Agency",""
"1660156853-2","https://www.watereducation.org/water-related-organizationsagencies","Western States Water Agencies and Districts","https://www.watereducation.org/western-states-water-agencies-and-districts","Colorado",""
"1660156858-36","https://www.watereducation.org/water-related-organizationsagencies","Water Associations and Groups","https://www.watereducation.org/water-associations-and-groups","Northern California Water Association","https://www.watereducation.org/water-associations-and-groups?page=1"
"1660156858-46","https://www.watereducation.org/water-related-organizationsagencies","Water Associations and Groups","https://www.watereducation.org/water-associations-and-groups","Southern California Water Committee (SCWC)","https://www.watereducation.org/water-associations-and-groups?page=1"
"1660156866-86","https://www.watereducation.org/water-related-organizationsagencies","Environmental Organizations","https://www.watereducation.org/california-environmental-organizations-involved-water-issues","Environmental Justice Coalition for Water",""
"1660156855-15","https://www.watereducation.org/water-related-organizationsagencies","Water Associations and Groups","https://www.watereducation.org/water-associations-and-groups","American Water Works Association",""
"1660156863-76","https://www.watereducation.org/water-related-organizationsagencies","Other California Organizations","https://www.watereducation.org/other-california-organizations-involved-water-issues","U.C. Davis – Cooperative Extension",""
"1660156866-82","https://www.watereducation.org/water-related-organizationsagencies","Environmental Organizations","https://www.watereducation.org/california-environmental-organizations-involved-water-issues","Communities for a Better Environment",""
"1660156872-123","https://www.watereducation.org/water-related-organizationsagencies","State Agencies in California","https://www.watereducation.org/state-agencies-california-involved-water-issues","California Water Commission",""
"1660156866-93","https://www.watereducation.org/water-related-organizationsagencies","Environmental Organizations","https://www.watereducation.org/california-environmental-organizations-involved-water-issues","Planning and Conservation League",""
"1660156855-21","https://www.watereducation.org/water-related-organizationsagencies","Water Associations and Groups","https://www.watereducation.org/water-associations-and-groups","California Groundwater Association",""
"1660156878-140","https://www.watereducation.org/water-related-organizationsagencies","Federal Agencies","https://www.watereducation.org/federal-agencies-involved-water-issues","National Marine Fisheries Service",""
"1660156855-17","https://www.watereducation.org/water-related-organizationsagencies","Water Associations and Groups","https://www.watereducation.org/water-associations-and-groups","Bay Area Clean Water Agencies",""
"1660156866-90","https://www.watereducation.org/water-related-organizationsagencies","Environmental Organizations","https://www.watereducation.org/california-environmental-organizations-involved-water-issues","National Audubon Society-Audubon California",""
"1660156855-16","https://www.watereducation.org/water-related-organizationsagencies","Water Associations and Groups","https://www.watereducation.org/water-associations-and-groups","Association of California Water Agencies (ACWA)",""
"1660156861-61","https://www.watereducation.org/water-related-organizationsagencies","State and Federal Legislative Committees","https://www.watereducation.org/state-and-federal-legislative-committees","U.S. Senate Committee on the Environment and Public Works",""
"1660156872-114","https://www.watereducation.org/water-related-organizationsagencies","State Agencies in California","https://www.watereducation.org/state-agencies-california-involved-water-issues","California Department of Conservation",""
"1660156863-66","https://www.watereducation.org/water-related-organizationsagencies","Other California Organizations","https://www.watereducation.org/other-california-organizations-involved-water-issues","California Chamber of Commerce",""
"1660156875-136","https://www.watereducation.org/water-related-organizationsagencies","State Agencies in California","https://www.watereducation.org/state-agencies-california-involved-water-issues","Sierra Nevada Conservancy","https://www.watereducation.org/state-agencies-california-involved-water-issues?page=1"
"1660156855-14","https://www.watereducation.org/water-related-organizationsagencies","Water Associations and Groups","https://www.watereducation.org/water-associations-and-groups","American Farmland Trust",""
"1660156872-124","https://www.watereducation.org/water-related-organizationsagencies","State Agencies in California","https://www.watereducation.org/state-agencies-california-involved-water-issues","California Water Quality Monitoring Council",""
"1660156858-49","https://www.watereducation.org/water-related-organizationsagencies","Water Associations and Groups","https://www.watereducation.org/water-associations-and-groups","Water Reuse Association","https://www.watereducation.org/water-associations-and-groups?page=1"
"1660156861-52","https://www.watereducation.org/water-related-organizationsagencies","State and Federal Legislative Committees","https://www.watereducation.org/state-and-federal-legislative-committees","California Assembly Water, Parks and Wildlife Committee",""
"1660156870-99","https://www.watereducation.org/water-related-organizationsagencies","Environmental Organizations","https://www.watereducation.org/california-environmental-organizations-involved-water-issues","San Francisco Estuary Institute","https://www.watereducation.org/california-environmental-organizations-involved-water-issues?page=1"
"1660156866-97","https://www.watereducation.org/water-related-organizationsagencies","Environmental Organizations","https://www.watereducation.org/california-environmental-organizations-involved-water-issues","Sacramento River Watershed Program",""
"1660156875-134","https://www.watereducation.org/water-related-organizationsagencies","State Agencies in California","https://www.watereducation.org/state-agencies-california-involved-water-issues","San Francisco Bay Conservation and Development Commission","https://www.watereducation.org/state-agencies-california-involved-water-issues?page=1"
"1660156853-11","https://www.watereducation.org/water-related-organizationsagencies","Western States Water Agencies and Districts","https://www.watereducation.org/western-states-water-agencies-and-districts","Washington",""
"1660156863-74","https://www.watereducation.org/water-related-organizationsagencies","Other California Organizations","https://www.watereducation.org/other-california-organizations-involved-water-issues","Pacific Legal Foundation",""
"1660156872-115","https://www.watereducation.org/water-related-organizationsagencies","State Agencies in California","https://www.watereducation.org/state-agencies-california-involved-water-issues","California Department of Fish and Wildlife",""
"1660156866-84","https://www.watereducation.org/water-related-organizationsagencies","Environmental Organizations","https://www.watereducation.org/california-environmental-organizations-involved-water-issues","Earthjustice Legal Defense Fund",""
"1660156870-104","https://www.watereducation.org/water-related-organizationsagencies","Environmental Organizations","https://www.watereducation.org/california-environmental-organizations-involved-water-issues","Stanford Woods Institute for the Environment","https://www.watereducation.org/california-environmental-organizations-involved-water-issues?page=1"
"1660156866-87","https://www.watereducation.org/water-related-organizationsagencies","Environmental Organizations","https://www.watereducation.org/california-environmental-organizations-involved-water-issues","Environmental Water Caucus",""
"1660156855-13","https://www.watereducation.org/water-related-organizationsagencies","Water Associations and Groups","https://www.watereducation.org/water-associations-and-groups","Agricultural Water Management Council",""
"1660156870-105","https://www.watereducation.org/water-related-organizationsagencies","Environmental Organizations","https://www.watereducation.org/california-environmental-organizations-involved-water-issues","The Nature Conservancy of California","https://www.watereducation.org/california-environmental-organizations-involved-water-issues?page=1"
"1660156858-40","https://www.watereducation.org/water-related-organizationsagencies","Water Associations and Groups","https://www.watereducation.org/water-associations-and-groups","Regional Water Authority","https://www.watereducation.org/water-associations-and-groups?page=1"
"1660156866-88","https://www.watereducation.org/water-related-organizationsagencies","Environmental Organizations","https://www.watereducation.org/california-environmental-organizations-involved-water-issues","Friends of the River",""
"1660156861-56","https://www.watereducation.org/water-related-organizationsagencies","State and Federal Legislative Committees","https://www.watereducation.org/state-and-federal-legislative-committees","U.S. House Committee on Transportation and Infrastructure",""
"1660156855-25","https://www.watereducation.org/water-related-organizationsagencies","Water Associations and Groups","https://www.watereducation.org/water-associations-and-groups","California Storm Water Quality Association",""
"1660156855-31","https://www.watereducation.org/water-related-organizationsagencies","Water Associations and Groups","https://www.watereducation.org/water-associations-and-groups","Central Valley Clean Water Association",""
"1660156858-39","https://www.watereducation.org/water-related-organizationsagencies","Water Associations and Groups","https://www.watereducation.org/water-associations-and-groups","Public Officials for Water and Environmental Reform (POWER)","https://www.watereducation.org/water-associations-and-groups?page=1"
"1660156878-144","https://www.watereducation.org/water-related-organizationsagencies","Federal Agencies","https://www.watereducation.org/federal-agencies-involved-water-issues","U.S. Environmental Protection Agency",""
"1660156870-110","https://www.watereducation.org/water-related-organizationsagencies","Environmental Organizations","https://www.watereducation.org/california-environmental-organizations-involved-water-issues","Water Forum","https://www.watereducation.org/california-environmental-organizations-involved-water-issues?page=1"
"1660156858-51","https://www.watereducation.org/water-related-organizationsagencies","Water Associations and Groups","https://www.watereducation.org/water-associations-and-groups","Western Urban Water Coalition","https://www.watereducation.org/water-associations-and-groups?page=1"
"1660156872-122","https://www.watereducation.org/water-related-organizationsagencies","State Agencies in California","https://www.watereducation.org/state-agencies-california-involved-water-issues","California Regional Water Quality Resources Control Boards",""
"1660156853-9","https://www.watereducation.org/water-related-organizationsagencies","Western States Water Agencies and Districts","https://www.watereducation.org/western-states-water-agencies-and-districts","Texas",""
"1660156855-19","https://www.watereducation.org/water-related-organizationsagencies","Water Associations and Groups","https://www.watereducation.org/water-associations-and-groups","California Farm Bureau Federation",""
"1660156855-30","https://www.watereducation.org/water-related-organizationsagencies","Water Associations and Groups","https://www.watereducation.org/water-associations-and-groups","California-Nevada Section, American Water Works Association (AWWA)",""
"1660156855-32","https://www.watereducation.org/water-related-organizationsagencies","Water Associations and Groups","https://www.watereducation.org/water-associations-and-groups","Family Water Alliance",""
"1660156866-92","https://www.watereducation.org/water-related-organizationsagencies","Environmental Organizations","https://www.watereducation.org/california-environmental-organizations-involved-water-issues","Natural Resources Defense Council",""
"1660156853-8","https://www.watereducation.org/water-related-organizationsagencies","Western States Water Agencies and Districts","https://www.watereducation.org/western-states-water-agencies-and-districts","Oregon",""
"1660156875-135","https://www.watereducation.org/water-related-organizationsagencies","State Agencies in California","https://www.watereducation.org/state-agencies-california-involved-water-issues","San Francisco Bay Restoration Authority","https://www.watereducation.org/state-agencies-california-involved-water-issues?page=1"
"1660156855-20","https://www.watereducation.org/water-related-organizationsagencies","Water Associations and Groups","https://www.watereducation.org/water-associations-and-groups","California Farm Water Coalition",""
"1660156855-28","https://www.watereducation.org/water-related-organizationsagencies","Water Associations and Groups","https://www.watereducation.org/water-associations-and-groups","California Water Association",""
"1660156858-35","https://www.watereducation.org/water-related-organizationsagencies","Water Associations and Groups","https://www.watereducation.org/water-associations-and-groups","My Water Quality Website","https://www.watereducation.org/water-associations-and-groups?page=1"
"1660156853-5","https://www.watereducation.org/water-related-organizationsagencies","Western States Water Agencies and Districts","https://www.watereducation.org/western-states-water-agencies-and-districts","Nebraska",""
"1660156872-129","https://www.watereducation.org/water-related-organizationsagencies","State Agencies in California","https://www.watereducation.org/state-agencies-california-involved-water-issues","Colorado River Board of California",""
"1660156863-67","https://www.watereducation.org/water-related-organizationsagencies","Other California Organizations","https://www.watereducation.org/other-california-organizations-involved-water-issues","California State Association of Counties",""
"1660156858-48","https://www.watereducation.org/water-related-organizationsagencies","Water Associations and Groups","https://www.watereducation.org/water-associations-and-groups","Water Quality Association","https://www.watereducation.org/water-associations-and-groups?page=1"
"1660156861-53","https://www.watereducation.org/water-related-organizationsagencies","State and Federal Legislative Committees","https://www.watereducation.org/state-and-federal-legislative-committees","California Senate Committee on Natural Resources and Water",""
"1660156853-3","https://www.watereducation.org/water-related-organizationsagencies","Western States Water Agencies and Districts","https://www.watereducation.org/western-states-water-agencies-and-districts","Idaho",""
"1660156863-68","https://www.watereducation.org/water-related-organizationsagencies","Other California Organizations","https://www.watereducation.org/other-california-organizations-involved-water-issues","Center for Information Technology Research in the Interest of Society",""
"1660156866-81","https://www.watereducation.org/water-related-organizationsagencies","Environmental Organizations","https://www.watereducation.org/california-environmental-organizations-involved-water-issues","Clean Water Action",""
"1660156861-63","https://www.watereducation.org/water-related-organizationsagencies","State and Federal Legislative Committees","https://www.watereducation.org/state-and-federal-legislative-committees","U.S. Senate Subcommittee on Water and Wildlife",""
"1660156866-94","https://www.watereducation.org/water-related-organizationsagencies","Environmental Organizations","https://www.watereducation.org/california-environmental-organizations-involved-water-issues","Restore The Delta",""
"1660156866-80","https://www.watereducation.org/water-related-organizationsagencies","Environmental Organizations","https://www.watereducation.org/california-environmental-organizations-involved-water-issues","Bay Nature Institute",""
"1660156858-42","https://www.watereducation.org/water-related-organizationsagencies","Water Associations and Groups","https://www.watereducation.org/water-associations-and-groups","San Joaquin River Group Authority","https://www.watereducation.org/water-associations-and-groups?page=1"
"1660156878-138","https://www.watereducation.org/water-related-organizationsagencies","Federal Agencies","https://www.watereducation.org/federal-agencies-involved-water-issues","Bureau of Reclamation",""
"1660156866-89","https://www.watereducation.org/water-related-organizationsagencies","Environmental Organizations","https://www.watereducation.org/california-environmental-organizations-involved-water-issues","Mono Lake Committee",""
"1660156853-12","https://www.watereducation.org/water-related-organizationsagencies","Western States Water Agencies and Districts","https://www.watereducation.org/western-states-water-agencies-and-districts","Wyoming",""
